trade_id,tool,side,tags,reason_of_entry,price_of_entry,volume,price_of_exit,reason_of_exit,pnl,commission,risk_usd,comment,emotional_state,date_time
1,BNB,лонг,#acc,Отбой от границы накопления,243.61,0.07,252.17,Тейк на прогнозной цели,0.5991999999999982,0.0,0.3,"Можно было ставить цель и повыше так как накопление было очень красивое, и цена цели в итоге и достигла тем же прорывным баром",Вообще не переживал по сделке даже когда цена ультра проседала,2023-07-01 00:00:00
2,FTM,лонг,#web,Пробой паутины и недельного объема толкающим баром на М5,0.3057,171.0,0.3089,Тейк на локальной трендовой,0.5471999999999967,0.0,0.3,"Было много факторов за лонг, поэтому решил войти не дожидаясь сигналов от индикаторных связок. Цена сразу отбилась от моей трендовой и сильно упала","По началу нервничал из-за того что мог неправильно угадать движение цены, но потом расслабился ",2023-07-01 00:00:00
3,BTC,лонг,#web,Пробой паутины толкающим объемом на М60,30624.0,0.002,30475.0,Стоп,-0.298,0.0,0.3,"Надо было дождаться закрытия бара пробоя на М5, на закрытии он оказался тормозящим в шорт",FOMO,2023-07-01 00:00:00
4,DOGE,лонг,#web,Пробой паутины и дневного объема толкающим баром,0.068,740.0,0.06779,Стоп,-0.31080000000000274,0.0,0.3,"Надо было дождаться закрытия бара пробоя на М5, на закрытии он оказался тормозящим в шорт, к тому же на нем образовалась аномальная дельта за шорт. Еще нужно было ставить стоп за экстремум, ведь цена дальше рванула вверх",FOMO,2023-07-01 00:00:00
5,DASH,лонг,#trendline #vah,Тест трендовой и пробой ваха толкающим баром,38.12,0.942,37.8,Стоп,-0.30144000000000026,0.0,0.3,"Видимо не стоит входить на пробои вахов и валов, к тому же теста трендовой по сути и не было","FOMO, очень нервничал когда цена стала рисовать даун бары",2023-07-02 00:00:00
6,ETH,шорт,#trendline #vah,Тест трендовой и пробой ваха толкающим баром,1953.04,0.032,1956.82,Вышел когда понял что совершил ошибку,-0.24191999999999825,0.0,0.3,"Нет слов, рисовал же линию что войду на отбое, зачем было в моменте что-то новое придумывать, дикая спешка","Входил в состоянии парализованного транса, ужасное ощущение когда спешишь войти и не знаешь что делать",2023-07-04 00:00:00
7,FTM,шорт,#distr #ice,Тест льда,0.3152,69.0,0.3175,Вышел когда понял что уже нет смысла дожидаться стопа,-0.15870000000000167,0.0,0.3,"Не смотря на то что диапазон выгладел как распределение, на его пути был зеркальный уровень от 1-2-3, который не дал цене сразу уйти ниже. Нужно было шортить до 138% при отбое от ПОКа и радоваться жизни либо ставить стоп за верхнюю границу диапазона ведб распределение в итоге реализовалось",Опустошение,2023-07-04 00:00:00
8,BTC,лонг,#acc,Отбой от границы накопления,30503.0,0.001,30682.4,Тейк,0.17940000000000145,0.0,0.3,"Вошел в недоформировавшееся накопление где запросто мог словить стоп, теперь я понял зачем так много внимания уделялось фазам диапазонов. Повезло что за ночь накопление доформировалось а не выродилось ",Очень переживал когда началась колбасня,2023-07-05 00:00:00
9,BNB,лонг,#poc #acc,Отбой от пока накопления толкающим баром,238.51,0.15,242.69,Тейк,0.627000000000001,0.0,0.3,"Вошел в недоформировавшееся накопление где запросто мог словить стоп, теперь я понял зачем так много внимания уделялось фазам диапазонов. Повезло что за ночь сформировалось новое накопление",Очень переживал когда началась колбасня,2023-07-05 00:00:00
10,ETH,лонг,#creek #acc,Отбой от крика толкающим баром,1906.85,0.003,1932.0,Тейк,0.07545000000000028,0.0,0.3,"Вошел в недоформировавшееся накопление где запросто мог словить стоп, теперь я понял зачем так много внимания уделялось фазам диапазонов. Повезло что за ночь накопление доформировалось а не выродилось ",Очень переживал когда началась колбасня,2023-07-05 00:00:00
11,FTM,шорт,#val #flag,Отбой от вала волны после выхода из полотна флага,0.2711,240.0,0.26,Тейк,2.6639999999999997,0.0,0.3,"Прекрасная сделка где рано заметил выгодный вход, и такое возможно","Нервничал когда цена пошла в реализацию мини вульфа на М1, но забил на это",2023-07-07 00:00:00
12,SOL,шорт,#distr,Отбой от границы распределения тормозящим баром,21.256,1.0,21.834,Стоп,-0.5779999999999994,0.0,0.3,"Цена тупо немного не дошла до МА200 и цели по распределению, сформировав и реализовав вульфа пока у меня не было инета","Очень удивился когда увидел стоп по этой сделке, как-будто бы просто непруха",2023-07-07 00:00:00
13,DOGE,шорт,#distr,Отбой от границы распределения,0.06552,95.0,0.0684,Стоп,-0.27360000000000073,0.0,0.3,Изначально по формированию затяжного боковика было понятно что цена не добьет целей по распределению,"Свыкся с тем что сделка не реализуется быстро, а она вообще и не реализовалась",2023-07-06 00:00:00
14,SOL,шорт,#wolfe #web #lustra,Вульф + отбой от паутины + люстра на М1,27.972,4.0,27.474,Тейк,1.9920000000000044,0.0,0.82,"По всей видимости можно было еще посидеть так как пошла реализация гипа после теста шеи хоть цена и немного не дошла до цели, на котором я как раз и нервничал ведь не хотел рассматривать гип из-за его подозрительного положения","Нервничал когда цену начало колбасить большими шпильками и спрэдами даже не смотря на то что позиция была в прибыли, боялся что цена не добьет цель",2023-07-16 00:00:00
15,BNB,шорт,#wolfe #ice #distr #val,Вульф + отбой ото льда и недельного вала,239.98,0.35,242.3,Стоп,-0.8120000000000075,0.0,0.81,"Замылился эмоциями глаз и не заметил что вхожу в полную ересь, недораспределение и убогий вульф так еще и отбои не толкающими барами. Надо было все таки закрыть ее как понял что сделал херню","Почти с самого начала знал что сделка дерьма, поэтому уже смирился с ьем что будет стоп",2023-07-18 00:00:00
16,ADA,шорт,#wolfe #distr #web #poc,Распределение на М1 под паутиной + отбой от пока диапазона толк. барами + все внутри двух медвежьих вульфов,0.3143,766.0,0.3153,Стоп,-0.7660000000000007,0.0,0.77,"Хотел проверить фишку которую нашел на доге, видимо не всегда срабатывает надо будет еще ее попроверять","Немного расстроился что вроде поменял подход к аналризу графиков а все равно убыток, но эта была непроверенная фишка так что ладно",2023-07-23 00:00:00
17,BNB,шорт,#wolfe #web #lustra,Отбой от паутины + люстра на М1 + Вульф,242.42,2.1,242.69,Стоп,-0.5670000000000215,0.0,0.57,"Все таки гип пошел в реализацию, снова самый простой исход и происходит, не придал значения перескоку пока а если бы подумал то понял бы что готовимся к импульсу",Отчаяние,2023-07-23 00:00:00
18,XRP,лонг,#wolfe,Вульф на М1,0.7127,492.0,0.7111,Стоп,-0.7872000000000225,0.0,0.79,Цена резко развернулась даже не дойдя до МА200,Отчаяние,2023-07-27 00:00:00
19,XRP,лонг,#ma200 #acc,Отбой от границы накопления и МА200 DD3 с delta > 0 на М5,0.7106,170.0,0.7074,Стоп,-0.5439999999999967,0.0,0.54,Форма этого накопления на самом деле была не лучшая да и стоп слишком близко стоял,Просто в ахуе был с утра с двух стопов,2023-07-27 00:00:00
20,SOL,лонг,#wolfe,Вульф на М5,24.852,4.0,24.934,Побоялся что от кривенького отбоя от паутины может пойти распределение,0.32800000000000296,0.0,0.54,Цена продолжила рост почти сразу после того как вышел,Нервничал пока позиция не вышла в профит,2023-07-27 00:00:00
21,BNB,лонг,#ma200 #acc,Отбой от границы накопления и МА200 DD3 с delta > 0 на М5,240.19,2.15,241.61,Тейк,3.053000000000034,0.0,0.54,"Очень рано вышел поставив слишком маленькую цель когда цена за два бара сделала цель по накоплению, мог заработать раза в 3 больше",Восстановление уверенности в своем видении рынка,2023-07-27 00:00:00
22,FTM,лонг,#triangle,Пробой границы треугольника,0.2477,272.0,0.2451,Стоп,-0.7071999999999976,0.0,0.71,"Видимо к нему стоило критичнее относится и смотреть дельту на отбоях от поддержки и в целом не входить  по тормозящему бару, благо что решил не добирать на отбое от границы",Просто в ахуе был с утра с двух стопов,2023-07-27 00:00:00
23,FTM,шорт,#ice #distr,Отбой от льда DD3 с max delta < 0 внизу бара,0.2449,442.0,0.2463,Стоп,-0.6187999999999931,0.0,0.62,Провел плохой лед,Безразличие,2023-07-28 00:00:00
24,XRP,шорт,#distr,Отбой от границы распределения DD3 с max delta < 0 в нижней половине бара,0.6597,490.0,0.661,Стоп,-0.6370000000000386,0.0,0.64,Слишком увлекся поиском отбоя что проглядел что образовалась проторговка на границе,Обидно что совершаю одну и ту же ошибку,2023-08-04 00:00:00
25,ADA,шорт,#wolfe,Вульф на М1,0.2922,2121.0,0.2924,Стоп,-0.4241999999999533,0.0,0.42,"Не было четкого бара по которому можно было войти, снова внимание было зашорено",Осознаю свои ошибки и понимаю что нужно создавать простейшие правила входа в формации,2023-08-04 00:00:00
26,XRP,лонг,#acc,Отбой от границы накопления UD1 баром,0.5031,110.0,0.5017,Стоп,-0.15399999999999525,0.0,0.15,"Забыл что сам заметил что проторговка над границей накопления делает вход сомнительным, стоило это так и пометить на графике","Немного расстроился в начале, но понял что я все таки на верном пути",2023-09-03 00:00:00
27,DASH,лонг,#level #turquoise #acc,Отбой от бирюзового уровня внутри накопления с замечательным поком внизу UD3 баром,25.51,1.2,25.49,Частичный тейк + стоп(убыточный),-0.02400000000000375,0.0,0.15,"Забыл о сделке и пошел спать, цена дошла до первого тейка а потом меня выбило по стопу вне бу","Еще одно подтверждение что все у меня в руках, но носа задирать не стоит",2023-09-03 00:00:00
28,SOL,лонг,#trendline #acc,Отбой UD1 баром от трендовой и границы накопления,19.69,2.0,19.784,Частичный тейк + стоп в бу,0.18799999999999528,0.0,0.15,"Стоило не париться и превысить немного риск чтобы войти 3 лотами, а раз вошел двумя стоило второй тейк выставлять по очереди на 161.8% который цена достигла и выбила меня в бу",Вернулась уверенность и подобие гордости от которой нужно избавиться ,2023-09-04 00:00:00
29,ENJ,шорт,#wolfe #wedge #sellzone,Отбой UD3 баром от 1-3-5 вульфа и зоны продаж,0.2455,130.0,0.2467,Стоп,-0.15600000000000086,0.0,0.16,"Стоило обратить внимание на реакцию цены от границы накопления и усомниться в том, что цену снова пустят вниз, к тому же цена импульсанула на повышающихся объемах от пока",Все еще верю в свои силы и свои рисульки,2023-09-11 00:00:00
30,XRP,лонг,#acc #ma200,Отбой SD1 баром от ма200 и верхней границы накопления,0.4777,77.0,0.4799,Частичный тейк + стоп в бу,0.16939999999999844,0.0,0.17,Возможно стоит рассмотреть вариант фулл тейка (первого) при достижении ценой уровня где риск к прибыли 1 к 3,Физически не учавствовал в трейде так как не успел войти ,2023-09-12 00:00:00
31,COMP,лонг,#acc #trendline,Отбой SD1 баром от ма200 и верхней границы накопления,36.63,0.86,36.82,Частичный тейк + стоп в бу,0.16339999999999805,0.0,0.16,Второй тейк стоило бы разместить еще чуть ниже ведь цена не дошла до него всего 6 пт,Физически не учавствовал в трейде так как не успел войти ,2023-09-12 00:00:00
32,XRP,лонг,#acc,Отбой SD1 баром от верхней границы накопления,0.4856,150.0,0.4844,Стоп,-0.17999999999999683,0.0,0.18,"Накопление было не самым удачным, фиксироваться в нем стоило раньше от реакции от сопротивления",Ничего страшного не почувствовал,2023-10-14 00:00:00
33,FTM,лонг,#greenlevel #wolfe #acc,"Отбой SD2 баром от зеленого уровня в направлении бычьего вульфа, после спринга ",0.17691,300.0,0.1764,Стоп,-0.15300000000000313,0.0,0.15,"Честно - не знаю в чем ошибка, возможно тот даунбар отбоя не должен был так проколоть уровень",Физически не учавствовал в трейде так как не успел войти ,2023-10-18 00:00:00
34,BNB,лонг,#trendline,Отбой от тренловой UD1 баром,211.6117,1.1,211.4172,Стоп,-0.21395000000000552,0.0,0.21,Идиотская сделка,"Сомневался, но все равно не понятно зачем вошел",2023-10-18 00:00:00
35,OP,лонг,#acc #spring #test,Отбой UD1 доджи баром от нижней границы накопления после спринга,1.1866,29.0,1.1816,Стоп,-0.14500000000000335,0.0,0.15,,,2023-10-18 00:00:00
36,OP,шорт,#distr #test,ст.14,1.8052,12.0,1.8201,Стоп,-0.17880000000000162,0.0,0.18,Добавил условие №4 к стратегии распредедение ст.1,"Нет чувства страха, был готов к тому что сделка может провалиться ведь ее исход полностью непредсказуем",2023-11-13 00:00:00
37,BNB,шорт,#trendline #down,ст.2,243.7,0.34,244.12,Стоп,-0.14280000000000542,0.0,0.14,"Ну ладно, посмотрим что будет когда буду уже системативно торговать","Расстроился, пропало желание торговать на сегодня",2023-11-17 00:00:00
38,OP,лонг,#acc #test,ст.13,1.727,5.9,1.73807,Стоп после 1ого тейка,0.0653129999999995,0.0,0.15,Хотя бы не убыток,Все как то начинали,2023-11-18 00:00:00
39,FTM,лонг,#flag #test,ст.15,0.3265,88.0,0.3245,Стоп,-0.17600000000000016,0.0,0.18,Изменил список чертилок не являющихся сопротивлениями в ст.2,"Неприятно, но благодаря этой сделке улучшил стратегию",2023-11-18 00:00:00
40,FTM,лонг,#trendline #up #triangle,ст.4,0.3169,54.0,0.32315,Ласт тейк,0.3374999999999988,0.0,0.15,Все таки могу зарабатывать,Накрыло когда цена резко упала до уровня входа,2023-11-19 00:00:00
41,ICX,лонг,#trendline #long,ст.1,0.2556,130.0,0.2539,Стоп,-0.2209999999999973,0.0,0.22,"Не стоило лезть в сделку, ведь на деле рр вообще не соблюдался так как я его измерял",Хочется просто все бросить и застрелиться,2023-11-19 00:00:00
42,ADA,шорт,#trendline #short,ст.5,0.37673,160.0,0.37782,Стоп,-0.17439999999999678,0.0,0.17,Что поделаешь,Расстройство,2023-11-19 00:00:00
43,OP,лонг,#triangle #maxtest,ст.16,1.7556,25.0,1.7486,Стоп,-0.17500000000000293,0.0,0.18,"Никаких ошибок не совершил, просто стоило не заходить в сделку так поздно, ведь после стопа был прибыльный перезаход",Плакал,2024-11-19 00:00:00
44,ICX,лонг,#klin #test,ст.12,0.2617,64.0,0.259,Стоп,-0.17279999999999873,0.0,0.17,Дебильная сделка - подправил условия на вход,Вообще пох,2023-11-24 00:00:00
45,ADA,шорт,#triangle #trendline,ст.5,0.39338,52.0,0.379085,Оба тейка,0.7433400000000001,0.0,0.18,Нормально,"Неужели - много раз хотел выйти раньше времени - молодец, сдержался",2023-11-25 00:00:00
46,FET,лонг,#klin #test #level,ст.12,0.5303,54.0,0.5269,Стоп,-0.18359999999999776,0.0,0.18,Заморозил стратегию,Начинает бесить,2023-11-25 00:00:00
47,OP,шорт,#distr #test,ст.14,1.7773,14.0,1.7876,Стоп,-0.14419999999999966,0.0,0.14,"Со следующей торговой сессии буду использовать первичный фильтр, хватит с меня крайностей",Да поебать мне,2023-11-25 00:00:00
48,FTM,шорт,#trendline #test #down,ст.2,0.3177,78.0,0.3193,Стоп,-0.12479999999999924,0.0,0.12,"Со следующей торговой сессии буду использовать первичный фильтр, хватит с меня крайностей",Да поебать мне,2023-11-25 00:00:00
49,FTM,лонг,#trendline #test #up,ст.1,0.2987,64.0,0.2964,Стоп,-0.14720000000000155,0.0,0.15,Стоило дождаться выноса РСИ в КЗ и потом уже лонговать,Смятение - теряю хватку?,2023-11-27 00:00:00
50,OP,шорт,#dist #ice #test,ст.21,1.7147,16.0,1.723,Стоп,-0.13280000000000314,0.0,0.13,Ошибка - вошел в распределение на часе по тесту на М5 + РСИ был в КЗ на часе,Ладно,2023-11-27 00:00:00
51,ICX,шорт,#triangle #test,ст.5,0.2537,160.0,0.2547,Стоп,-0.16000000000000014,0.0,0.16,Подправил стратегию,Тяжело переживал,2023-12-01 00:00:00
52,OP,шорт,#distr #test,Отбой ото льда,2.0699,0.8,2.0397,Стоп после 1ого тейка,0.02416000000000018,0.0,0.16,Ошибся при входе - дырка была в 1 бар а не 2,Ощущение будто уже нашел или почти пришел к своему стилю торговли,2023-12-09 00:00:00
53,TLM,лонг,#acc #test,Отбой от верхней границы UD1 баром,0.01697,118.0,0.01542,Стоп,-0.18289999999999992,0.0,0.18,"Изначально не стоило входить, отбой был не очень красивым","Без понятия что делать дальше, дикое расстройство и разочарование в своих возможностях",2023-12-09 00:00:00
54,GMT,лонг,#acc #creek #test,Отбой от крика,0.3011,29.0,0.2961,Стоп,-0.14500000000000013,0.0,0.15,"Недочет в стратегии, нужен был фильтр по кластерам","Удивился что мой стоп все таки снесло, не расстоился",2023-12-09 00:00:00
55,FTM,шорт,#ma200 #distr,Отбой от МА200 в распределении,0.4217,11.0,0.4329,Стоп,-0.12319999999999987,0.0,0.12,"По отбою МА200 в распределении видимо стоит входить в трендовом нисходящем движении, к тому же были очень скромные цели так что трейд изначально был сомнительным","Если еще и остальные две сделки не залетят, то я снова не знаю что делать",2023-12-15 00:00:00
56,ADA,шорт,#up #trendline,Отбой от восходящей трендовой снизу,0.62498,10.0,0.59997,Оба тейка,0.25009999999999977,0.0,0.16,"По факту вошел по хреновому сигналу, но в том же месте был нормальный которого не заметил, так что прибыль","Чрезмерная самоуверенность в том что успех уже на ладони, наконец то полностью всплыл противник достижения успеха в трейдинге, нужно и вправду посвящать больше времени себе и своим увлечения и людям вокруг чтобы успех пришел еще быстрее",2023-12-15 00:00:00
57,ATOM,шорт,#ice #distr,Тест льда,11.08,0.68,11.288,Стоп,-0.14144000000000015,0.0,0.14,"Совершил ошибку, в настолько больших распределениях нельзя на М5 проводить однобарные льды, но на H1 конечно можно",Все таки это я лажаю,2023-12-15 00:00:00
58,IOTA,шорт,#ma200 #distr,Отбой от МА200 в распределении,0.2987,30.0,0.2887,Оба тейка,0.30000000000000027,0.0,0.15,Единственная сделка за тот день которую считаю полностью логичной,"Чрезмерная самоуверенность в том что успех уже на ладони, наконец то полностью всплыл противник достижения успеха в трейдинге, нужно и вправду посвящать больше времени себе и своим увлечения и людям вокруг чтобы успех пришел еще быстрее",2023-12-15 00:00:00
59,HIGH,шорт,#trendline #down #flag #distr,Отбой от нисходящей трендовой на верхней границе восходящего канала в нисходящем тренде,1.785,2.0,1.678,Оба тейка,0.21399999999999997,0.0,0.15,"Снова пару раз хотел раньше времени закрыть сделку потому что думал что цена готовится к пробою трендовой, молодец что досидел, хотя тейки можно было поставить и пожирнее, сам же видел какие есть цели по распределению и каналу","Чрезмерная самоуверенность в своих возможностях, думаю стоит дать прибыли прилипнуть и поисследовать рынок вместо торговли",2023-12-16 00:00:00
60,FET,шорт,#wolfe,Медвежий вульф + крюк на стохастике,0.7685,7.0,0.7904,Стоп,-0.1533000000000002,0.0,0.15,"Прекрасно понимал что сделка непойдет, ведь вход был над ренакоплением, вошел тупо чтобы убрать чувство страха перед входом","Снова чувство будто теряю хватку, хотя конечно проблема в том что просто на рынке пока особо ничего нет",2023-12-20 14:46:00
61,IOTA,лонг,#acc #test,Тест верхней границы накопления,0.2745,21.0,0.2773,Стоп после одного тейка,0.05879999999999935,0.0,0.15,,,2023-12-20 15:20:00
62,LINK,лонг,#acc #creek #test,Тест крика и МА200 в накоплении с поком внизу,14.635,0.4,14.261,Стоп,-0.14960000000000023,0.0,0.15,"Все таки даже такой угол был слишком крут для входа от крика, а ведь краем мыслей то знал что мал шанс того что лонг пойдет - сам виноват, ведь из-за узколобости прошляпил простейший шорт по Эллиотту","Уже и подавно не чувствую такого расстройства от стопа как раньше, ведь одновременно рад тому что рынок и вправду прост как три копейки",2023-12-20 19:19:00
63,LINK,лонг,#acc #trendline #up,Отбой от трендовой и пока SD баром после дампа,14.166,0.6,14.83,Все три тейка,0.3983999999999998,0.0,0.15,"В целом можно было войти повыгоднее после этого дампа, но сойдет","Побаивался что цена распределиться прежде чем дойдет до ласт тейка, но все обошлось",2023-12-20 21:25:00
64,LINK,шорт,#wolfe #stoch,Крюк на стохастике в т.5 вульфа,15.993,1.1,14.78,Оба тейка,1.3343000000000012,0.0,0.56,"Можно было захапать побольше ведь цена дошла до 2-4, стоило 25% фиксануть имеено там","Ссался от каждого отката ведь давно неторговал, но держал свои мысли в руках",2024-01-17 20:07:00
65,TLM,лонг,#acc #spring,UD бар в спринге + РСИ в КЗ + Отбой от зоны,0.01396,780.0,0.01324,Стоп,-0.5616000000000001,0.0,0.56,"Совершил ошибку в постановке стопа - его нужно было ужать, и ошибка в постановке тейков - нужно было тейкать уже на ближайших экстремумах ведь ты понимал что рынок уже слаб и цена не обязана что-то там дорисовывать для редистрибьюции","Даже рад что я все таки совершаю ошибки, а не мне просто везет, и рад что сделка закончилась ведь она могла влиять на мои решения о открытие сделок в какую-либо из сторон и я это даже почувствовал",2024-01-18 19:00:00
66,WLD,лонг,#acc #spring,UD бар в спринге + РСИ в КЗ,2.463,3.5,2.3,Стоп,-0.5705000000000009,0.0,0.56,"Совершил ошибку в постановке стопа - его нужно было ужать, и ошибка в постановке тейков - нужно было тейкать уже на ма200 ведь ты понимал что рынок уже слаб и цена не обязана что-то там дорисовывать для редистрибьюции","Даже рад что я все таки совершаю ошибки, а не мне просто везет, и рад что сделка закончилась ведь она могла влиять на мои решения о открытие сделок в какую-либо из сторон и я это даже почувствовал",2024-01-18 19:00:00
67,LINK,шорт,#ma200,Отбой SU баром от ма200,15.561,8.4,15.668,Стоп,-0.8987999999999943,0.0,0.9,Замылился глаз - забыл что очень сомнительно входить в шорт от ма200 когда цена только недавно пересекла ее вниз,"Очень обидно что сидел весь день за графиками, пропустил несколько прибыльных трейдов и в конце совершил глупую ошибку",2024-01-31 17:43:00
68,ADA,шорт,#elliot #0.618,DD1 бар почти дошел до уровня 0.618 эллиота и зоны продаж,0.51254,59.0,0.50676,Стоп после одного тейка,0.34102000000000043,0.0,0.34,"Ссался что цена не добила до трендовой, зоны и самого уровня, однако UD1 бар заставил войти в трейд, все таки еще стоило тейкать на 0.786 так как много сопротивлений было к 1, но стратегия этого не предусматривала - добавляю новый вариант тейка",Зачиллился как только цена дошла до первого тейка и уже больше не переживал,2024-01-31 20:01:00
69,GMT,лонг,#ma200 #acc,Отбой UD1 баром от крика и МА200,0.249,280.0,0.2537,Оба тейка,1.315999999999995,0.0,0.56,"Надо вне очереди совершенствовать EBL, очень много потенциальной прибыли теряю из-за того что не везде его применяю, ведь цена перед тем как улететь перелоила мой бар входа","Очень сильно переживал за трейд когда наблюдал борьбу в верхней части диапазона, и уже по сути смирился с проигрышем перед сном",2024-02-02 21:22:00
70,ADA,шорт,#trendline #up,Отбой от трендовой даунбаром с ПОКом в самом низу!,0.49128,220.0,0.49387,Стоп,-0.5697999999999959,0.0,0.56,Изначально глупый и импульсивный вход - увидел отбой от секущей - вспомнил как пошел шорт в подобной ситуации на BNB и без анализа влетел в сделку,Обидно но ладно,2024-02-07 20:00:00
71,WLD,шорт,#trendline #down #distr,Отбой почти DD баром от трендовой и ПОКа потенциального распределения,2.3755,61.0,2.385,Стоп,-0.5794999999999768,0.0,0.56,"Видимо профиль объема надо всегда натягивать от самого начала формирования диапазона, ведь так он находился буквально в самом низу, к тому же видимо стоило обратить вниамание на то что у предыдущего даунбара пок находился внизу","Очень обидно, начинаю терять терпение, скорее даже уже почти потерял",2024-02-08 15:31:00
72,BNB,шорт,#elliot #0.618,Цена чуть-чуть не дошла SD1 баром до 0.618 на вершине рынка после продолжительного тренда,317.58,0.61,318.45,Стоп,-0.5307000000000027,0.0,0.56,"Не понимаю что происходит, или я ошибаюсь или просто не везет, все таки верная мысль промелькнула в начале дня о том что сегодня ничего не будет на рынке, и вход был только один но мега сомнительный, хотя полностью отработавший","Уже похуй, не чувствую что проблема во мне",2024-02-08 20:31:00
73,ZRX,шорт,#ma200,Отбой от ма200 доджи с огромным хвостом продавца с поком сверзу,0.3217,560.0,0.3232,Стоп,-0.8400000000000007,0.0,0.84,"Цена впервые выбила меня и сразу развернувшись добила до моего 1ого тейка и позже не добила 1 пункт до 2ого, стоп за экстремум а не за хай бара бы спас.","Мне нужно торговать чтобы достичь цели в прибыль 10 баксов но ничего не получается, хочется опустить руки, уже перед торговой сессией сомневался в том стоит ли торговать но я в последнее время постоянно испытываю это чувство поэтому все равно торгую.Похоже что  не надо чересчур много думать ведь позже на рынке образовалось куча прибыльных вхожов шорт с EBL которые я чертил, это последний день когда я расстраиваюсь после провальной сделки, все таки абсолютно всегда каждая убыточная сделка приближает тебя к множеству прибыльных но сбивает с толку негативным исходом",2024-02-11 19:30:00
74,IOTA,шорт,#trendline #up,Отбой от секущей DD1 баром после сильного импульса,0.2544,700.0,0.2556,Стоп,-0.8399999999999852,0.0,0.84,Все таки не стоит шортить бычий рынок в таких рисковых местах,И это пройдет,2024-02-12 17:41:00
75,WLD,шорт,#distr #upthrust,Прокол верхней границы диапазона DD1 баром ,2.5942,19.0,2.6389,Стоп,-0.8493000000000035,0.0,0.84,Похоже что не стоит заходить по второму аптрасту на бычке(добавь информацию по реализации вульфа!!!!!!!!!!!!!!!!!!!!!!),И это надеюсь пройдет,2024-02-12 17:20:00
76,LINK,лонг,#flag,Отбой UD1 от верхней границы канала,20.613,2.8,20.3,Стоп,-0.8763999999999966,0.0,0.84,"Проблема была в угле наклона канала, стоило рассматривать шорт по вульфу(которого я блять снова не заметил) и распределению",Все будет нормально,2024-02-12 19:35:00
77,COMP,лонг,#ma200 #reacc,Отбой UD1 баром от МА200 в ренакоплении,57.04,1.8,56.56,Стоп,-0.8639999999999944,0.0,0.84,Видимо вероятность того что второй подряд рендж в разметке будет ренакоплением очень низка?,"Я в ахуе, да как я могу принимать такие тупые решения уже 8ую сделку подряд",2024-02-13 16:56:00
78,BNB,шорт,#wolfe,Отбой SD1 баром от 1-3 и true дивер макд,332.91,0.32,335.59,Стоп,-0.857599999999984,0.0,0.84,"Ну бля, зачем входить против накопления, хотя на некоторых монетах вульфы хоть как-то отрабатывали, в такие моменты лучше подыскаивать варианты подбора в лонг",Ну я уже чувствую что лузстрик подходит к концу,2024-02-14 18:12:00
79,WLD,шорт,#elliot,Эллиот от 0.786,3.1011,30.0,3.1296,Стоп,-0.8549999999999924,0.0,0.84,"Просто неверно выбираю сторону рынка, стоит входить только по направлению рынка в направлении наибольших формаций",Может стоит больше времени уделять H1?,2024-02-14 21:45:00
80,KAVA,лонг,#acc #test,Отбой UD1 баром от верхней границы накопления,0.7517,43.0,0.732,Стоп,-0.8471000000000022,0.0,0.84,Вошел по слишком глубокому тесту и в итоге пропустил более прибыльный и надежный вход по ТВ,"Лузстрик подходит к концу, я наконец-то понял в чем была проблема - я снова начал врать себе и надеяться на какое-то определение движение цены не уделяя внимания другим ",2024-02-15 21:19:00
81,ARPA,лонг,#acc #test,Отбой баром с поком почти в самом верху! от верхней границы накопления,0.06454,290.0,0.07086,Последний тейк,1.8328000000000018,0.0,0.84,"Вошел по слишком глубокому тесту еще и почти по тормозящему бару, повезло что на встряске не задело стопа и цена быстро реализовала все цели, если бы пропустил этот ублюдский вход вошел бы по более надежному и выгодному после встряски","Понял что пропуская ублюдский вход я не теряю прибыль и без входа в конце концов все равно не останусь, нет входа на одном инструменте - будет еще лучше на другом",2024-02-16 18:27:00
82,ATOM,лонг,#ma200,Отбой UD1 баром с большим хвостом покупателя от ма200 над накоплением,10.065,4.7,9.89,Стоп,-0.822499999999995,0.0,0.84,"Стоило подождать отбоя от близлежайшей трендовой который и произошел(хоть и без EBL, им я еще займусь), раз уж вошел стоило выставлять нормальный стоп за предыдущие экстремумы - тогда бы была прибыль","Понял что пропуская ублюдский вход я не теряю прибыль и без входа в конце концов все равно не останусь, нет входа на одном инструменте - будет еще лучше на другом",2024-02-16 18:39:00
83,ORBS,лонг,#creek #test,Отбой UD1 баром от крика почти касаясь ма200,0.03615,1600.0,0.03616,Стоп после 1ого тейка,0.015999999999993797,0.0,0.84,Отличный трейд за исключеним постановки стопа и при правильной постановке стопа уже был бы смысл ставить первый тейк в районе 1.318 а не на границе накопления,На момент заполнения дневника удивился что был настолько хороший идейный трейд и снова сагрился на себя за такой узкий стоп,2024-02-16 19:06:00
84,COMP,лонг,#acc #test,Отбой UD1 баром с большим хвостом покупателя от верхней границы накопления,57.32,0.74,56.19,Стоп,-0.8362000000000018,0.0,0.84,"И снова потрясающий трейд похерененный идиотским близким стопом который снесло на встряске, если бы был хороший стоп было бы 2 из 3 тейка по сделке. В идеале вообще не стоило входить по бару с таким хвостом и позже был еще более прибыльный вход от крика, но ладно, стоило лишь стоп поставить пошире",На момент заполнения дневника удивился что был настолько хороший идейный трейд,2024-02-17 10:46:00
85,GMT,лонг,#acc #test,Отбой SU1 баром от верхней границы накопления,0.2771,90.0,0.288,Стоп после 2ух тейков,0.9809999999999969,0.0,0.84,"Хороший трейд, выбило на дампе по вульфу","Из-за биржи чуть не упустил фикс 2ого тейка, хотя по этому поводу вообще не переживал",2024-02-27 09:42:00
86,TRU,шорт,#wolfe #divergence,Отбой апбаром с хвостом продавца и даунбаром с широким спредом + дивер МАКД,0.07093,211.0,0.065,Стоп после 2ух тейков,1.251230000000001,0.0,0.84,"Ни за что бы не догадлся что этот вульф так реализуется, жаль что цена сразу развернулась с дампа и не дала мне шанса вывести в прибыль оставшуюся 1/3 позиции, нужно будет предусмотреть это в стратегии","Кайф, правда не понятно пока как торговать после такой встряски на рынке",2024-02-27 15:25:00
87,DUSK,шорт,#wolfe,Вульф + крюк на стохастике,0.32074,210.0,0.32073,Вовремя заметил что не убрал лимитку после достижения 1ой цели,0.0021000000000021,0.0,0.84,"Пересрался когда увидел у себя эту позицию, ведь забыл что отменил только алерт на срабатывание этой заявки, а саму ее нет, потерял 4 цента на коммисии","Испугался, сомневался стоит ли вносить сделку сюда",2024-02-28 11:14:00
88,ARPA,лонг,#ma200 #acc,Отбой от ма200 в районе верхней границы накопления,0.06882,500.0,0.06712,Стоп,-0.8500000000000035,0.0,0.84,"Сразу после входа понял что скорее всего совершил ошибку входя не дождавшись пока цена не упадет на зону, и так и вышло",Очень расстроился что снова совершил ошибку которой можно было спокойно избежать будь у меня нарисована зона изначально,2024-02-29 22:05:00
89,IOTA,шорт,#wolfe #resistance,Отбой от секущей SU1 баром в т.5 вульфа ,0.342,61.0,0.3558,Стоп,-0.8417999999999988,0.0,0.84,"Просто непруха, почти такой же вход от вульфа на TRU дал 2 тейка из 3","Ну лэдно, не расстраиваемся",2024-03-04 15:26:00
90,FET,шорт,#distr #trendline #up,Отбой от льда и трендовой,2.6938,7.0,2.8086,Стоп,-0.8036000000000016,0.0,0.8,"Притянул распределение за уши, а чисто от трендовой входа небыло из-за - по условию о вертикальных объемах","Расстроился, увидел как мой победный настрой может быстро расствориться",2024-03-12 16:09:00
91,ICX,шорт,#elliot,Эллиот от 0.786,0.3701,88.0,0.3425,Оба тейка,2.4287999999999963,0.0,0.84,На рынок пришла жесткая коррекция и мои цели были даже сильно перелоены,"Возвращается вера в себя, все таки надо реально иметь какие-то индикаторные стратегии для ловли больших трендов, а не постоянно надеяться на разворот",2024-03-13 09:29:00
92,KLAY,шорт,#trendline #down,Отбой от трендовой,0.3011,175.0,0.3059,Стоп,-0.8400000000000046,0.0,0.84,"Не стоило, а я и не хотел рисовать возможность того что цена отобьется от этой трендовой, говорил же про себя что лучше подождать отбоя от вульфа а не от этой трендовой - учту",Тяжело вздохнул,2024-03-13 17:34:00
93,FTM,шорт,#wolfe #stochastic,Вульф + стохастик в т.5,0.8782,22.0,0.8158,Стоп в бу после 2ух тейков,1.3728000000000002,0.0,0.84,"Потрясающий трейд - молодец что не пожадничал на стопе, ведь цена почти меня выбила прежде чем рухнуть вниз, даже не смотря на то что по сути это был аптраст","Ахуел когда увидел что из-за биржи не схватился последний тейк профит, в следующие разы буду учитывать такую херню",2024-03-13 22:15:00
94,OCEAN,шорт,#ma200,Отбой от ма200 в нисходящем канале,1.1627,16.0,1.2139,Стоп,-0.8191999999999986,0.0,0.84,"Рисулька входа была нарисованна непосредственно после отбоя от ма200 - видимо так делать нельзя, к тому же там цена нарисовала останавливающий объем от трендовой, рисовать вход после того как цена его уже нарисовала нельзя","Не помню что чувствовал перед открытием, очень расстроился после стопа",2024-03-14 21:07:00
95,ENJ,шорт,#ice #distr,Отбой от льда,0.6094,43.0,0.5268,Все три тейка,3.5518,0.0,0.84,"Переживал что EBL по такому маленькому бару не сработает, но в итоге все прошло идеально","Не помню что чувствовал перед открытием, очень обрадовался когда увидел сколько залутал с сделки)",2024-03-14 23:08:00
96,HIGH,шорт,#channel,Отбой от нижней границы восходящего канала на восходящем тренде,2.157,9.3,1.861,Все три тейка,2.7528000000000006,0.0,0.84,"Отличный трейд, хоть и боялся что EBL не схватиться","С кайфом, теперь нужно привести свои эмоции в порядок после такого винстрика, ведь я реально дохуя с него залутал",2024-03-15 23:57:00
97,FET,шорт,#distr #ice,Отбой от льда,2.4659,7.0,2.5974,Стоп,-0.9204999999999997,0.0,0.92,Возможно условие по ПОКу баров является обязательным для диапазонных стратегий,Побаивался входить в сделку потому что подозревал что коррекция на рынке уже закончилась и сейчас все диапазоны на монетах реализуются как накопления.Но все равно чувствовал себя уверенно после предыдущих побед,2024-03-19 15:50:00
98,KAVA,шорт,#creek #trendline #acc,Отбой от крика вниз в накоплении с POC вверху DD1 баром,0.9765,35.4,0.977,Стоп в бу,-0.01769999999999805,0.0,0.84,"ПРОСТО ПИЗДЕЦ, какого-то хуя я походу не выставил заявку частичного тейка, хотя мне казалось что позиция уже была частично зафиксирована до понедльника. Цена не дошла до 2ого тейка и развернулась, стоило ставить тейк поскромнее потому что спринг по сути уже был, учту на будущее",Почуствовал небольшое сомнение в трейде после того как поймал себя на том что обрадовался сколько в потенциале сделка может принести.Почувствовал подавленность когда увидел что сделка вошла в минусовую зону и вспомнил как меня выбивало по входу от такой же пологой трендовой.Невероятное чувство злости и обиды за исход сделки,2024-03-21 16:59:00
99,XRP,лонг,#acc #test,Отбой UD3 баром от верхней границы огромного накопления,0.6305,41.0,0.6099,Стоп,-0.844599999999998,0.0,0.84,XRP помещаю в ЧС,"Сомневался в трейде, но убедил себя что все будет ок, ведь цена только что вышла из восходящего канала да и отбилась от ПОКа накопления",2024-03-22 09:50:00
100,COMP,лонг,#trendline #up #acc,Отбой от трендовой в вверху накопления с поком сверху,76.49,0.47,77.73,Стоп после 1ого тейка,0.5828000000000042,0.0,0.84,"По сути не надо было выебываться и ставить фулл тейк чуть ниже 1.382 где и был рр 2.6, ведь ПОК у объема то был сверху","Еще перед началом ну почти знал что нюхну бебры, но тот факт то что цена в нижней части огроменного канала так еще и с шансом выстрелить от накопления, хоть и с поком вверху, меня успокоил и объяснил смысл сделки",2024-03-27 21:36:00
101,WLD,шорт,#ma200,Отбой от МА200 SU и SD барами,8.4999,4.737,8.677,Стоп,-0.838922699999997,0.0,0.84,"В целом направление трейда было правильным, но вход подкачал",Не долго сомневался из-за того что даунбар тормозящий,2024-03-28 11:33:00
102,LINK,шорт,#ma200,"Отбой от ма200 DD1 баром, после выхода вниз из восходящего канала на нисходящем тренде",18.934,3.7,19.159,Стоп,-0.8324999999999921,0.0,0.84,"Нахуй стратегию отбоя от МА200, 1 из 9 входов за все время ее существования оказался прибыльным","Как только сработал ордер, почувстовал что мне пизда. Очень хуево себя почувствовал когда пришло уведомление о стопе",2024-03-29 12:09:00
103,LUNC,лонг,#trendline #up,"Отбой от трендовой UD1 баром, с маленьким телом",0.00013704,260869.0,0.00013415,Стоп,-0.7539114099999985,0.0,0.75,"Расстроился из-за своей невнимательности, вошел большим объемом чем предусматривала стратегия.Внес поправки по входу в стратегию","Особо не парился, сделка реально имела шанс на успех.Сильно расстроился когда цена не дала шанса уменьшить размер позиции",2024-04-03 21:04:00
104,FTM,лонг,#trendline #up,Отбой от трендовой UD1 баром с хорошим спредом,0.7817,6.0,0.8661,Оба тейка,0.5064000000000002,0.0,0.75,"Отличный трейд с хорошо расставленными тейками, хотя учитывая что разворот после долгого падения, можно было и следущий раз нужно пожадничать,ведь это один из тех вульфов которые очень сильно реализуются вверх, хоть и так 1 к 4","Поймал себя на том, что ощущал будто вспылала и захватила контроль моя личность времен торголи FORTS, поэтому перепроверил условия по входу, но все оказалось в порядке",2024-04-05 15:07:00
105,BNB,шорт,#trendline #down,Отбой от трендовой сразу после мощного выхода из накопления,,,,,0.0,0.0,0.75,"Цена не дошла буквально 3 пункта до уровня лимитки и развернулась на 598.00, в будущем буду учитывать силу круглых чисел. А сделка то в итоге оказалась прибыльной","Трейд изначально пах беброй из-за тени бара входа и того факта что цена вышла из накопления, но я подумал что тут то как раз коррекция и может произойти, так что норм",2024-04-08 00:00:00
106,BNB,лонг,#creek #test #acc,Отбой от крика даун баром с хвостом покупателя и UD1 апбаром в накоплении с поком вверху,582.79,0.15,577.0,Стоп,-0.8684999999999945,0.0,0.87,"Если бы смотрел вход после утреннего анализа, возможно заметил бы вульфа который пошел от верхней границы, и убрал возможность входа от этого крика - подправил общие правила",Чувствовал уверенность смешанную с предвкушением довольно большой прибыли,2024-04-09 08:25:00
107,ADA,лонг,#trendline #up,Отбой UD1 баром от плоской трендовой,0.56904,14.0,0.57834,Стоп после 1ого тейка,0.13019999999999965,0.0,0.15,"Стоило полностью фикситься максимум на ма200, все таки направление рынка сейчас шортовое + Гигантский вульф на Д, ПОК диапазона сверху и тд.","Много сомневался перед входом, если бы не стратегия то вообще не вошел",2024-04-10 17:13:00
108,LINK,лонг,#trendline #up #wolfe,Отбой UD1 баром от плоской трендовой + Вульф,17.055,0.6,17.286,Стоп после 1ого тейка,0.13860000000000097,0.0,0.15,"Учитывая что вульф пошел после даунбара со шпилькой, можно было ставить фулл тейк на уровне т.4 ведь цена в таких вульфах постоянно возвращается вниз","Немного омневался перед входом, но вульф убедил что трейд может сыграть",2024-04-10 18:20:00
109,WLD,шорт,#trendline #down,Отбой SD1 баром от upar трендовой,4.9396,4.525,5.133,Стоп,-0.8751349999999981,0.0,0.88,Подправил условия стратегии,"Побаивался что все это возня из-за относительно малого размера трендовой по сравнению с барами, но учитывая что ПОК накопления вверху - может сыграть. Неприятно, чувствую будто мой победный настрой тает, хотя прекрасно понимаю что делаю все правильно.",2024-04-16 16:09:00
110,FTM,лонг,#trendline #up,Отбой UD3 баром от трендовой,0.6591,29.0,0.6304,Стоп,-0.8323000000000017,0.0,0.83,Нельза под такие крутым углом проводить трендовые в накоплении - это бесполезно,"Уверенность что это будет стоп + правка условий стратегии как только сработал вход, подавленное состояние вдогонку",2024-04-17 13:47:00
111,LQTY,лонг,#trendline #up,Отбой UD1 баром с хорошим спредом от восходящей трендовой в накоплении,0.9764,23.0,1.112,Оба тейка,3.118800000000001,0.0,0.83,"Трейд длиной в 10 дней, идеи конечно особо не было во входе от такой трендовой","Уверенность что это будет стоп + правка условий стратегии как только сработал вход, подавленное состояние вдогонку. Пару раз думал уже закрыть этот трейд, так как ожидал что на падении меня все равно выбьет в бу - но не вышел и заработал максимум",2024-04-17 13:46:00
112,ARPA,лонг,#elliot,Эллиот от 0.618,0.06775,273.0,0.06466,Стоп,-0.8435700000000026,0.0,0.83,Нужно было как-то понять что именно тут будет формироваться тру накопление и что от Эллиота тут движ не пойдет потому что оператор будет набирать большой объем перед выстрелом,"Не уверен что трейд сработает из-за подобия диапазона сверху, но ладно",2024-04-17 13:49:00
113,BNB,лонг,#elliot,Эллиот от 0.618,529.76,0.07,518.05,Стоп,-0.8197000000000026,0.0,0.83,"Слишком большой Эллиот для своего положения, не стоило чертить","Ощущение потери контроля над ситуацией, когда увидел что входов в шорт не намечается а он развивается в то время как я держу кучу лонгов",2024-04-17 16:19:00
114,LINK,лонг,#elliot,Эллиот от 0.618,13.002,2.4,14.57,Тейк,3.763199999999999,0.0,0.83,"Цена на том же движении еще дошла до 1, но она даже с большей вероятностью бы отбилась от верхней границы накопления и полетела бы вниз на добор объема, так что вообще все сделал правильно - молодец что стоп спрятал за лой бара ниже ранга, ведь меня чуть не выбило целых два раза","Во время открытия побаивался что цена не даст входа, когда увидел как развивается шорт на рынке - понял что будет стоп",2024-04-17 16:19:00
115,AVAX,лонг,#creek #acc #breakthrough,Пробой крика баром <10%,34.575,1.0,33.785,Стоп,-0.7900000000000063,0.0,0.83,"Провел ублюдский крик по незначительным экстремумам, больше так конечно делать не буду","Состояние крайней беспомощности и возбуждения - именно в нем я обновлял и менял стиль торговли. Крайне тяжело сейчас понять когда я вру себе, а когда нет",2024-04-18 14:14:00
116,DOGE,шорт,#trendline #down,Отбой от нисходящей трендовой,0.1498,212.0,0.15405,Стоп,-0.9010000000000008,0.0,0.9,"Цена самую малость не дошла до тейка и развернулась отбившись от нижней границы большого нисходящего канала, буду учитывать это в будущем","Обидно, но я рад что стратегии работают, а значит реально нет смысла ныть и париться и спешить, просто торгуй как привык и все будет ок",2024-04-18 21:04:00
117,ADA,шорт,#trendline #down,Отбой от нисходящей трендовой,0.45582,141.0,0.44666,Стоп в убыток после 1ого тейка,1.2915600000000003,0.0,0.83,"Тут считаю что все ордера расставил правильно, потому что цена как-будто бы реально скорее всего должна была продолжить падать если бы достигла первого тейка. И как бы снова причина почему мне нужно автоматизировать выставление ордеров - ведь по сути потерял 1.5%  депозита потому что спал","Ладно, главное что стратегия не ошиблась",2024-04-18 18:24:00
118,KLAY,лонг,#trendline #up,Отбой от восходящей трендовой во время реализации накопления,0.207,311.0,0.21,Стоп после 1ого тейка,0.9330000000000008,0.0,0.83,"Все таки стоило фулл фикситься в 1:2, ведь цена уже реально долго безкоррекционно росла","Наверное ни за чтобы не вошел если бы не стратегия, ведь цена уже кучу раз отбивалась от этой трендовой, однако все равно чувстовал спокойствие от неизбежности открытия сделки",2024-04-23 11:11:00
119,KAVA,шорт,#trendline #up,Отбой от восходящей трендовой вниз,0.7658,152.0,0.771,Стоп,-0.7903999999999973,0.0,0.83,Видимо стоило подождать реакции от большой нисходящей трендовой которая находилась чуть выше - точно помню такая мысль промелькнула в голове так что подправлю условия,Чувство радости разбавленное жадностью и предвкушением большой прибыли - уже второй раз как лутаю стоп после него,2024-04-24 07:43:00
120,FET,шорт,#trendline #up,Отбой от восходящей трендовой вниз,2.5145,15.0,2.5711,Стоп,-0.8489999999999998,0.0,0.83,"Я собственно и ждал подобного аптраста и понял то что скорее всего меня тут вынесет, ведь цена уже кучу раз билась об трендовую, но так и не отваливалась","Открывал спросонья, ничего особо не чувствовал, но ошибок не совершил",2024-04-24 07:05:00
121,KAVA,шорт,#trendline #down,Отбой от нисходящей трендовой  в реализации накопления,0.7704,67.0,0.7242,Оба тейка,3.0954000000000015,0.0,0.83,"Хороший трейд с хорошей расстановкой ордеров, больше нечего сказать UPD. очень сильно продешевил, цена очень сильно позже упала",Чувствовал страх что сделка может не залелеть и я снова словлю лузстрик,2024-04-24 13:21:00
122,SLP,шорт,#trendline #up,"Отбой от восходящей трендовой вниз, как от клина после ложного выхода из накопления",0.004213,13252.0,0.004125,Стоп в бу после 1ого тейка,1.1661759999999939,0.0,0.83,Цена на пути ко второму тейка отбилась от района даун бара в импульсе вверх и развернулась - даже не думал что оттуда возможна реакция,"Увидел - выполнил, почувствовал прилив дофамина когда увидел какой потенциал у сделки, уже после принятия решения о входе. Сразу после входа подумал что скорее всего сливная из-за проявившихся эмоций и в целом ситуации на графике",2024-04-25 22:30:00
123,OCEAN,шорт,#trendline #up,"Отбой от восходящей трендовой вниз, как от клина после ложного выхода из накопления",0.9762,57.0,0.8995,Оба тейка,4.371899999999999,0.0,0.83,Цена четко добила до второго тейка и сразу развернулась - потрясающая растановка ордеров,"Не помню что чувстовал перед открытием, но после того как эта сделка закрылась - я почти полностью вернул депозит и нахлынули негативные мысли о том что сейчас как раз начнется лузстрик",2024-04-25 23:16:00
124,FET,шорт,#trendline #down,Отбой около SD1 баром от крика с ПОКом диапазона посередине чуть выше уровня входа,1.985,15.0,2.0393,Стоп,-0.8144999999999969,0.0,0.83,Абсолютно очевидный исход - подправил условие,"С самого начала ожидал стопа по этой сделке, ведь обычно после такого падения от таких трендовых цена просто чуть тормозиться из-за небольшого давления продавца которого скоро сломит покупатель, но все равно вошел потому что стратегия",2024-05-02 12:07:00
125,SLP,шорт,#trendline #down #creek #acc #channel,"Отбой от внутренней границы нисходящего канала, которая является криком, в середине накопления с ПОКом чуть вышел входа",0.003793,8750.0,0.003889,Стоп,-0.8400000000000014,0.0,0.83,Подправил стратегию - нет смысла входить в шорт внизу накопления,"Не хотел входить, ведь ожидал что тут цена будет уже разворачиваться и выходить вверх, если бы не открыл лонговых сделок то наверняка бы сильно загнался",2024-05-02 15:09:00
126,IOTA,лонг,#creek #breakthrough #acc,"Пробой внизу накопления крика баром с маленькой тенью, ПОК накопления по середине",0.2136,271.0,0.2313,Оба тейка,4.796699999999999,0.0,0.83,Цена развернулась буквально сразу после достижения 2ого тейка - молодец,"Чистая уверенность что сделки в лонг залетят, странное ощущение будто уверенность исходит прямо из души",2024-05-02 15:47:00
127,KAVA,шорт,#trendline #down #creek #acc #channel,"Отбой от внутренней границы нисходящего канала, которая является криком, в середине накопления с ПОКом чуть вышел входа",0.6528,98.0,0.6614,Стоп,-0.8427999999999942,0.0,0.83,Подправил стратегию - нет смысла входить в шорт внизу накопления,"Не хотел входить, ведь ожидал что тут цена будет уже разворачиваться и выходить вверх, если бы не открыл лонговых сделок то наверняка бы сильно загнался",2024-05-02 16:40:00
128,ICX,лонг,#creek #breakthrough #acc #channel,"Пробой внизу накопления крика(=граница канала) баром с маленькой тенью, ПОК накопления по середине",0.2239,190.0,0.2281,Стоп в бу после 1ого тейка,0.7980000000000018,0.0,0.83,"Стоп поставил куда ниже чем по стратегии, и это меня чудом спасло, цена прошла в шаге от него, спокойно можно было юзать EBL, так что его применение при пробое еще доработать","Чистая уверенность что сделки в лонг залетят, странное ощущение будто уверенность исходит прямо из души",2024-05-02 20:02:00
129,ADA,шорт,#acc #trendline #down,Отбой от глобальной трендовой вниз будучи в нижней части накопления,0.45552,115.0,0.46288,Стоп,-0.8464000000000038,0.0,0.83,Подправил стратегию - нет смысла входить в шорт внизу накопления тем более с ПОКом внизу,"Не хотел входить, ведь ожидал что тут цена будет уже разворачиваться и выходить вверх, если бы не открыл лонговых сделок то наверняка бы сильно загнался",2024-05-02 20:04:00
130,MATIC,шорт,#trendline #down #acc,Отбой от крика в накоплении с ПОКом вверху,0.7293,127.0,0.7358,Стоп,-0.8255000000000078,0.0,0.83,"Просто непруха, вход в целом неплохой был","Это пиздец, реально открутка пошла, просто непруха крч",2024-05-03 19:34:00
131,LUNC,шорт,#creek #channel #acc,"Отбой от внутренней границы нисходящего канала, которая является криком, в верхней части  накопления с ПОКом посередине",0.0001057,552631.0,0.00010722,Стоп,-0.8399991199999994,0.0,0.83,"Если бы учитвал что объемы на рост очень сильно растут, то даже не нарисовал бы этого входа - а в этом и была ошибка, даже не смотря на горизонтальные объемы, цена не пошла вниз","Рынок растет, а я вхожу в шорт, класс, еще 1-2 стопа и снова буду загоняться",2024-05-03 22:09:00
132,LINK,лонг,#acc #creek #breakthrough,Пробой крика баром почти без тени,14.044,3.9,14.351,Стоп в бу после 1ого тейка,1.1973000000000014,0.0,0.83,Поставил большеватый стоп - но теперь уже знаю когда стоп стоит увеличивать а когда нет. Все таки стоит учитывать большие сопротивления при постановке тейков - подправлю стратегии,"Уже ни в чем не уверен, действую тупо по стртатегии, хоть и возможно что допустил ошибки на стадии анализа",2024-05-04 02:02:00
133,FET,шорт,#elliot,Эллиот 0.618,2.4419,37.0,2.4648,Стоп,-0.847299999999997,0.0,0.83,"Абсолютно очевидный исход - рад что не пришлось долго его ждать, опять же - торгуй так как нравиться, если бы сказал себе это перед сделкой - точно бы не вошел","Очень сомневался перед входом но все равно вошел посмотрев на вертикальные объемы, чуть позже когда анализировал похожую ситуацию на OCEAN понял что словлю стоп ведь вошел скорее из-за жадности и зуда поторговать",2024-05-07 10:19:00
134,BNB,шорт,#trendline #down,Отбой от нисходящей трендовой,599.89,0.72,606.49,Стоп,-4.752000000000016,0.25,3.84,"Полная непруха - какая-то аномальная волатильность на рынке, проскочил стоп и цена сразу после поехала снова вниз","Ничего приятного - неделя прошла в уебищном состоянии, будто снова вернулся в самое начало, хотя всего лишь напоролся на уязвимое место стратегий трендовых, из-за чего не вошел в кучу прибыльных трейдов",2024-05-09 17:09:00
135,TLM,шорт,#trendline #down,Отбой от глобальной нисходящей трендовой,0.01741,11574.0,0.01773,Стоп,-3.7036800000000096,0.14,3.7,Видимо нельзя входить в шорт от глобальной трендовой если недавно она уже давала вход,"Чувствововал подавленность и боязнь что стратегии перестали работать. После стопа начало приходить понимание того что полностью стратегии перестать работать не могут, просто сейчас такая волатильность и контекст на рынке",2024-05-09 20:02:00
136,GMT,шорт,#trendline #down,Отбой от восходящей трендовой внизу большого накопления,0.2214,1058.0,0.2249,Стоп,-3.702999999999974,0.14,3.7,"Походу вообще не стоит шортить в нижней части больших накоплений. UPD. все оказалось намного проще, выше была нисходящая трендовая которой я не заметил потому что оно была выше чем во всех подобных ситуациях раньше - буду внимательнее ","Чувствововал подавленность и боязнь что стратегии перестали работать. После стопа начало приходить понимание того что полностью стратегии перестать работать не могут, просто сейчас такая волатильность и контекст на рынке",2024-05-09 19:31:00
137,KAVA,шорт,#trendline #up,Отбой от восходящей трендовой в середине большого накопления,0.6329,370.3,0.6433,Стоп,-3.851119999999987,0.12,3.85,"Оказалось что бар был с красным спредом, чего я видимо не увидел из-за неправильного периода индикатора, в целом вход был бы хорошим как раз таки если бы не слишком широкий спред бара","Заметил что в последнее время во первых будто что-то изменилось в моем трейдинге, чувствую сейчас даже какую-то толику отрешенности от мира, во вторых почти сразу после входа начинаю искать причины по которым трейд не сработает - типо наперед, чтобы подправить условия стратегии позже. Очень расстроился когда увидел что на фьючерсном счету осталось 12$",2024-05-14 07:29:00
138,FTM,лонг,#trendline #up,UD1 бар отбоя от восходящей трендовой,0.6672,468.0,0.659,Стоп,-3.837599999999993,0.2,3.84,"Ахренеть, впервые допускаю такую ошибку - в последние 5 минут формирования бара, его ПОК перескочил в верхнюю тень, а я уже выставил ордер и забыл перепроверить ПОК перед входом",Частично даже обрадовался что допустил ошибку по условиям стратегии,2024-05-14 08:05:00
139,ICX,лонг,#creek #acc #breakthrough,Пробой крика баром почти без тени,0.2276,1851.0,0.2259,Стоп,-3.146700000000013,0.3,3.15,"Безпонтовый вход - все таки видимо для пробоя крика цена реально должна минимум 3 раза от него осткочить, где дырка между отбоями > 15 баров, причем отскок непосредственно перед пробоем не считается.","Тяжело, но когда понял что мне придется пройти этот этап с отношением к стопам - почувствовал будто поднимаюсь на новый уровень в своем психологическом развиитии и что это необходимо для моего успеха",2024-05-17 15:04:00
140,LQTY,лонг,#creek #acc #breakthrough,Пробой крика,1.0355,196.0,1.0163,Стоп,-3.7632000000000208,0.2,3.76,"Подправил условия стратегии - оказывается позже на месте пробоя крика образовался отбой вниз от того самого крика, который на пике приносил 1 к 8","Ничего особо не чувствовал, думал о том что снова надо восстанавливать депозит прежде чем зарабатывать на цель, сильно расстроюсь если сделка не залетит, хотя выбора кроме как продолжать торговать у меня и нет",2024-05-17 18:06:00
141,SLP,шорт,#trendline #up,Отбой вниз от восходящей трендовой,0.003939,54467.0,0.004007,Стоп,-3.7037560000000194,0.01,3.7,"Молодец что сдержался и не перезашел, ведь снова бы выбило","Злоба после того как увидел что цена выбила меня коснувшись стопа и сразу же развернулась. Хотел перезайти, но поймал себя на том что сейчас на эмоциях, а перезаходы не предусмотрены",2024-05-21 22:24:00
142,ADA,лонг,#trendline #up #wolfe #acc,Отбой от крутой трендовой и верхней границы накопления в реализации медвежьего вульфа,0.47712,677.0,0.47133,Стоп,-3.9198299999999744,0.48,3.92,"Все таки пошла реализация Вульфа, не в первый раз замечаю что от 1.618 накопления, часто идет хорошая коррекция при наличии шортовой формации","Не расстроился но и не обрадовался появлению такого сигнала, искал условия по которым бы не пришлось войти, но таковых не было",2024-05-22 16:10:00
143,GMT,шорт,#trendline #down,Отбой от нисходящей трендовой у верхней границы накопления,0.2312,1001.0,0.2349,Стоп,-3.703700000000009,0.16,3.7,"Не обратил внимания что цена у верхней границы накопления, а его ПОК как раз был внизу","В мыслях я реально чувствую что только приближаюсь к успеху, постоянно ловлю себя на том, что не употребляю в речи обороты ""если получится"", образы денег и тейков по сделкам четко витают в голове(во время слайдинга и когда абстрагируюсь от предыдущих результатов и нынешних сделок)  хотя на самом деле у меня лузстрик в ~10 стопов и успехом вообще даже не пахнет, ощущение будто я уже схожу с ума, ведь реальность не совпадает с тем что в голове,а может это все предвестники полосы удачи смешанные с радостью от приближения лета и удовлетворения от выполнения задач по учебе",2024-05-23 06:26:00
144,LINK,шорт,#channel #up,Отбой от внешней границы маленького восходящего канала вниз,16.595,17.2,15.723,Оба тейка,14.998399999999966,0.18,3.7,"Молодец что открыл сделку с утра как и планировал, не представляю что бы со мной было если бы не переоткрыл ее","Когда открывал сделку - незаметно испортилось настроение и появилось ощущение будто я играю с бирюльки, ответом на вопрос нравится ли мне такая торговля стало ""нет"", хотя во время анализа настроение было хорошим после составления нового списка торговых инструментов",2024-05-23 12:41:00
145,OCEAN,шорт,#trednline #down,"Отбой от крутой трендовой, цена под МА200",0.9648,230.0,0.9814,Стоп,-3.818000000000014,0.0,3.8,Неправильно начерченная трендовая - это была последняя капля перед обновлением торговой системы,"Немного ссался из-за стопа не по стратегии, но он же реально достаточен для такого входа",2024-05-24 20:03:00
146,SLP,шорт,#trendline #down,"Отбой DD1 баром от крутой трендовой, снизу МА200 и восходящая",0.003926,84177.0,0.00397,Стоп,-3.7037879999999803,0.33,3.7,"Что поделаешь, в моей голове все больше мыслей о том чтобы бросить трейдинг, сегодня протестирую down from down для SLP, посмотрим что покажет, наверное снова будет куча тейков, почти без стопов, что также не будет соответсвовать действительности. Удалил инструмент из списка после попытки протестировать стратегию, абсолютно не техничен","Чувства будто пошел нахуй этот трейдинг, я занимаюсь более интересными вещами сейчас (тренировал модель по доте). + ощущение будто какую-то хрень торгую, и именно поэтому сделка залетит. На результат уже по большей части похуй, а депозит то тает, понижаю риск по трендовым до 1%",2024-05-24 19:24:00
